,Assets,Liabilities and Equity
Cash,-1180.2400000000016,
Loans and Advances,-17514.149999999998,
Client Deposits,,-19296.898217500006
Capital,,100000.0
Retained Earnings,,258.83528249999785
