,Revenue,Expenses,Net Income
Fee Income,167.02,0.0,258.83528249999785
FX Gain,91.81528249999783,0.0,258.83528249999785
FX Loss,0.0,0.0,258.83528249999785
