currency,total_balance
EUR,27382.630000000005
GBP,6914.27
USD,-3280.0300000000016
