account,Net Amount
FX Gain/Loss,-812.4017999999998
Fee Income,204.95000000000002
