,Assets,Liabilities,Equity
Capital,0.0,0.0,100000.0
Client Deposits (EUR),0.0,-16727.708785,0.0
Client Deposits (GBP),0.0,2525.931937999999,0.0
Client Deposits (USD),0.0,4992.904704999999,0.0
Loans and Advances,1874243.2499999998,0.0,0.0
Nostro Account (EUR),-1062439.0899999999,0.0,0.0
Nostro Account (GBP),-501008.12000000005,0.0,0.0
Nostro Account (USD),-414755.3400000001,0.0,0.0
Retained Earnings,0.0,0.0,-94567.453742
Total,-103959.30000000028,-9208.872142,5432.546258000002
