,Revenue,Expenses,Net Income
Fee Income,170.20999999999998,0.0,-94567.453742
Interest Income,495.66999999999996,0.0,-94567.453742
FX Gain,91.46625799999713,0.0,-94567.453742
FX Loss,0.0,0.0,-94567.453742
Administrative Expenses,0.0,37045.68,-94567.453742
Tax Expense,0.0,58279.119999999995,-94567.453742
Total,757.346257999997,95324.79999999999,-94567.453742
