currency,total_balance
EUR,26446.754900000004
GBP,-2641.603300000002
USD,-5603.702300000001
